GPU,eBay Price,QTY Sold,Month
GeForce RTX 3090 Ti,"$2,300",66,April 2022
GeForce RTX 3090,"$1,770",999,April 2022
GeForce RTX 3080 Ti,"$1,291",665,April 2022
GeForce RTX 3080 12GB,"$1,025",90,April 2022
GeForce RTX 3080,"$1,114",1419,April 2022
GeForce RTX 3070 Ti,$779,1037,April 2022
GeForce RTX 3070,$777,1709,April 2022
GeForce RTX 3060 Ti,$657,1747,April 2022
GeForce RTX 3060 12GB,$480,589,April 2022
GeForce RTX 3050,$356,98,April 2022
Radeon RX 6900 XT,"$1,059",186,April 2022
Radeon RX 6800 XT,$845,326,April 2022
Radeon RX 6800,$755,198,April 2022
Radeon RX 6700 XT,$554,628,April 2022
Radeon RX 6600 XT,$422,410,April 2022
Radeon RX 6600,$365,400,April 2022
Radeon RX 6500 XT,$221,61,April 2022
GeForce RTX 2080 Ti,$781,378,April 2022
GeForce RTX 2080 Super,$568,232,April 2022
GeForce RTX 2080,$498,220,April 2022
GeForce RTX 2070 Super,$484,407,April 2022
GeForce RTX 2070,$419,243,April 2022
GeForce RTX 2060 Super,$445,238,April 2022
GeForce RTX 2060,$315,708,April 2022
GeForce GTX 1660 Ti,$303,317,April 2022
GeForce GTX 1660 Super,$317,764,April 2022
GeForce GTX 1660,$257,201,April 2022
GeForce GTX 1650 Super,$203,138,April 2022
GeForce GTX 1650,$194,434,April 2022
Radeon RX 5700 XT,$550,1004,April 2022
Radeon RX 5700,$489,167,April 2022
Radeon RX 5600 XT,$358,355,April 2022
Radeon RX 5500 XT 8GB,$249,87,April 2022
Radeon RX 5500 XT 4GB,$179,40,April 2022
GeForce RTX 4090,"$1,663",342,April 2023
GeForce RTX 4080,"$1,054",171,April 2023
GeForce RTX 4070 Ti,$801,90,April 2023
GeForce RTX 4070,$734,28,April 2023
GeForce RTX 3090 Ti,$947,131,April 2023
GeForce RTX 3090,$758,1206,April 2023
GeForce RTX 3080 Ti,$651,539,April 2023
GeForce RTX 3080 12GB,$602,71,April 2023
GeForce RTX 3080,$496,1205,April 2023
GeForce RTX 3070 Ti,$432,527,April 2023
GeForce RTX 3070,$349,1879,April 2023
GeForce RTX 3060 Ti,$308,1183,April 2023
GeForce RTX 3060,$280,712,April 2023
GeForce RTX 3050,$220,161,April 2023
Radeon RX 7900 XTX,$954,44,April 2023
Radeon RX 7900 XT,$758,27,April 2023
Radeon RX 6950 XT,$611,65,April 2023
Radeon RX 6900 XT,$544,200,April 2023
Radeon RX 6800 XT,$461,249,April 2023
Radeon RX 6800,$400,183,April 2023
Radeon RX 6750 XT,$334,31,April 2023
Radeon RX 6700 XT,$291,658,April 2023
Radeon RX 6700 10GB,$282,12,April 2023
Radeon RX 6650 XT,$242,59,April 2023
Radeon RX 6600 XT,$208,378,April 2023
Radeon RX 6600,$173,298,April 2023
Radeon RX 6500 XT,$103,64,April 2023
Radeon RX 6400,$134,39,April 2023
Intel Arc A770 16GB,$322,24,April 2023
Intel Arc A770 8GB,$320,1,April 2023
Intel Arc A750,$211,10,April 2023
Intel Arc A380,$118,10,April 2023
GeForce RTX 2080 Ti,$379,289,April 2023
GeForce RTX 2080 Super,$265,207,April 2023
GeForce RTX 2080,$230,194,April 2023
GeForce RTX 2070 Super,$229,323,April 2023
GeForce RTX 2070,$201,147,April 2023
GeForce RTX 2060 Super,$201,143,April 2023
GeForce RTX 2060,$168,255,April 2023
GeForce GTX 1660 Ti,$135,235,April 2023
GeForce GTX 1660 Super,$125,743,April 2023
GeForce GTX 1660,$109,119,April 2023
GeForce GTX 1650 Super,$103,104,April 2023
GeForce GTX 1650,$112,209,April 2023
Radeon RX 5700 XT,$156,733,April 2023
Radeon RX 5700,$139,110,April 2023
Radeon RX 5600 XT,$122,131,April 2023
Radeon RX 5500 XT 8GB,$101,45,April 2023
Radeon RX 5500 XT 4GB,$83,18,April 2023
GeForce RTX 3090 Ti,"$1,247",123,August 2022
GeForce RTX 3090,$957,772,August 2022
GeForce RTX 3080 Ti,$836,557,August 2022
GeForce RTX 3080 12GB,$771,128,August 2022
GeForce RTX 3080,$665,1066,August 2022
GeForce RTX 3070 Ti,$547,556,August 2022
GeForce RTX 3070,$463,1284,August 2022
GeForce RTX 3060 Ti,$424,1253,August 2022
GeForce RTX 3060,$339,722,August 2022
GeForce RTX 3050,$279,78,August 2022
Radeon RX 6950 XT,$914,11,August 2022
Radeon RX 6900 XT,$685,266,August 2022
Radeon RX 6800 XT,$563,144,August 2022
Radeon RX 6800,$486,102,August 2022
Radeon RX 6750 XT,$456,14,August 2022
Radeon RX 6700 XT,$378,373,August 2022
Radeon RX 6650 XT,$345,22,August 2022
Radeon RX 6600 XT,$274,183,August 2022
Radeon RX 6600,$232,218,August 2022
Radeon RX 6500 XT,$153,50,August 2022
Radeon RX 6400,$143,14,August 2022
GeForce RTX 2080 Ti,$492,322,August 2022
GeForce RTX 2080 Super,$371,198,August 2022
GeForce RTX 2080,$335,153,August 2022
GeForce RTX 2070 Super,$302,345,August 2022
GeForce RTX 2070,$268,193,August 2022
GeForce RTX 2060 Super,$267,185,August 2022
GeForce RTX 2060,$217,340,August 2022
GeForce GTX 1660 Ti,$172,190,August 2022
GeForce GTX 1660 Super,$178,580,August 2022
GeForce GTX 1660,$154,139,August 2022
GeForce GTX 1650 Super,$147,133,August 2022
GeForce GTX 1650,$138,247,August 2022
Radeon RX 5700 XT,$276,802,August 2022
Radeon RX 5700,$256,132,August 2022
Radeon RX 5600 XT,$192,216,August 2022
Radeon RX 5500 XT 8GB,$159,38,August 2022
Radeon RX 5500 XT 4GB,$118,20,August 2022
GeForce RTX 4090,"$1,679",383,August 2023
GeForce RTX 4080,"$1,194",242,August 2023
GeForce RTX 4070 Ti,$763,226,August 2023
GeForce RTX 4070,$651,181,August 2023
GeForce RTX 4060 Ti 16GB,$602,3,August 2023
GeForce RTX 4060 Ti,$411,56,August 2023
GeForce RTX 4060,$334,20,August 2023
GeForce RTX 3090 Ti,$935,74,August 2023
GeForce RTX 3090,$740,691,August 2023
GeForce RTX 3080 Ti,$597,337,August 2023
GeForce RTX 3080 12GB,$480,71,August 2023
GeForce RTX 3080,$404,907,August 2023
GeForce RTX 3070 Ti,$347,340,August 2023
GeForce RTX 3070,$282,1385,August 2023
GeForce RTX 3060 Ti,$248,1025,August 2023
GeForce RTX 3060,$219,704,August 2023
GeForce RTX 3050,$171,113,August 2023
Radeon RX 7900 XTX,$871,36,August 2023
Radeon RX 7900 XT,$709,46,August 2023
Radeon RX 7600,$233,4,August 2023
Radeon RX 6950 XT,$550,50,August 2023
Radeon RX 6900 XT,$513,134,August 2023
Radeon RX 6800 XT,$417,204,August 2023
Radeon RX 6800,$355,112,August 2023
Radeon RX 6750 XT,$321,22,August 2023
Radeon RX 6700 XT,$257,534,August 2023
Radeon RX 6700 10GB,$227,6,August 2023
Radeon RX 6650 XT,$216,24,August 2023
Radeon RX 6600 XT,$169,422,August 2023
Radeon RX 6600,$143,270,August 2023
Radeon RX 6500 XT,$85,71,August 2023
Radeon RX 6400,$116,95,August 2023
Intel Arc A770 16GB,$302,31,August 2023
Intel Arc A770 8GB,$255,1,August 2023
Intel Arc A750,$196,15,August 2023
Intel Arc A380,$114,5,August 2023
GeForce RTX 2080 Ti,$335,173,August 2023
GeForce RTX 2080 Super,$232,212,August 2023
GeForce RTX 2080,$206,104,August 2023
GeForce RTX 2070 Super,$189,191,August 2023
GeForce RTX 2070,$169,130,August 2023
GeForce RTX 2060 Super,$160,113,August 2023
GeForce RTX 2060,$138,345,August 2023
GeForce GTX 1660 Ti,$112,180,August 2023
GeForce GTX 1660 Super,$101,517,August 2023
GeForce GTX 1660,$88,83,August 2023
GeForce GTX 1650 Super,$93,96,August 2023
GeForce GTX 1650 GDDR6,$82,142,August 2023
GeForce GTX 1650,$102,98,August 2023
GeForce GTX 1630,$69,2,August 2023
Radeon RX 5700 XT,$133,574,August 2023
Radeon RX 5700,$119,111,August 2023
Radeon RX 5600 XT,$97,92,August 2023
Radeon RX 5500 XT 8GB,$91,36,August 2023
Radeon RX 5500 XT 4GB,$67,9,August 2023
GeForce RTX 3090,"$2,918",1295,December 2021
GeForce RTX 3080 Ti,"$1,992",1141,December 2021
GeForce RTX 3080,"$1,783",1495,December 2021
GeForce RTX 3070 Ti,"$1,244",1063,December 2021
GeForce RTX 3070,"$1,179",1891,December 2021
GeForce RTX 3060 Ti,"$1,007",2796,December 2021
GeForce RTX 3060 12GB,$761,2020,December 2021
Radeon RX 6900 XT,"$1,527",236,December 2021
Radeon RX 6800 XT,"$1,387",234,December 2021
Radeon RX 6800,"$1,282",90,December 2021
Radeon RX 6700 XT,$898,584,December 2021
Radeon RX 6600 XT,$659,282,December 2021
Radeon RX 6600,$578,346,December 2021
GeForce RTX 2080 Ti,"$1,186",339,December 2021
GeForce RTX 2080 Super,$849,166,December 2021
GeForce RTX 2080,$776,174,December 2021
GeForce RTX 2070 Super,$759,285,December 2021
GeForce RTX 2070,$686,195,December 2021
GeForce RTX 2060 Super,$705,192,December 2021
GeForce RTX 2060,$574,493,December 2021
GeForce GTX 1660 Ti,$500,353,December 2021
GeForce GTX 1660 Super,$540,903,December 2021
GeForce GTX 1660,$430,233,December 2021
GeForce GTX 1650 Super,$334,314,December 2021
GeForce GTX 1650,$318,490,December 2021
Radeon RX 5700 XT,$933,953,December 2021
Radeon RX 5700,$886,112,December 2021
Radeon RX 5600 XT,$626,173,December 2021
Radeon RX 5500 XT 8GB,$459,65,December 2021
Radeon RX 5500 XT 4GB,$340,35,December 2021
GeForce RTX 4090,"$2,194",655,December 2022
GeForce RTX 4080,"$1,374",176,December 2022
GeForce RTX 3090 Ti,"$1,182",180,December 2022
GeForce RTX 3090,$867,1273,December 2022
GeForce RTX 3080 Ti,$846,772,December 2022
GeForce RTX 3080 12GB,$810,107,December 2022
GeForce RTX 3080,$616,2000,December 2022
GeForce RTX 3070 Ti,$499,833,December 2022
GeForce RTX 3070,$397,2325,December 2022
GeForce RTX 3060 Ti,$332,2100,December 2022
GeForce RTX 3060,$285,1147,December 2022
GeForce RTX 3050,$237,99,December 2022
Radeon RX 7900 XTX,"$1,433",141,December 2022
Radeon RX 7900 XT,"$1,140",13,December 2022
Radeon RX 6950 XT,$726,26,December 2022
Radeon RX 6900 XT,$657,154,December 2022
Radeon RX 6800 XT,$531,461,December 2022
Radeon RX 6800,$441,183,December 2022
Radeon RX 6750 XT,$405,11,December 2022
Radeon RX 6700 XT,$318,854,December 2022
Radeon RX 6700 10GB,$323,2,December 2022
Radeon RX 6650 XT,$334,31,December 2022
Radeon RX 6600 XT,$219,582,December 2022
Radeon RX 6600,$184,460,December 2022
Radeon RX 6500 XT,$138,50,December 2022
Radeon RX 6400,$138,42,December 2022
Intel Arc A770 16GB,$384,16,December 2022
Intel Arc A770 8GB,$730,1,December 2022
Intel Arc A750,$254,8,December 2022
Intel Arc A380,$131,3,December 2022
GeForce RTX 2080 Ti,$398,403,December 2022
GeForce RTX 2080 Super,$282,209,December 2022
GeForce RTX 2080,$268,167,December 2022
GeForce RTX 2070 Super,$251,385,December 2022
GeForce RTX 2070,$220,211,December 2022
GeForce RTX 2060 Super,$214,258,December 2022
GeForce RTX 2060,$184,336,December 2022
GeForce GTX 1660 Ti,$139,252,December 2022
GeForce GTX 1660 Super,$136,970,December 2022
GeForce GTX 1660,$120,142,December 2022
GeForce GTX 1650 Super,$119,147,December 2022
GeForce GTX 1650,$124,385,December 2022
Radeon RX 5700 XT,$168,990,December 2022
Radeon RX 5700,$157,144,December 2022
Radeon RX 5600 XT,$129,246,December 2022
Radeon RX 5500 XT 8GB,$124,50,December 2022
Radeon RX 5500 XT 4GB,$91,11,December 2022
GeForce RTX 3090,"$2,341",968,February 2022
GeForce RTX 3080 Ti,"$1,721",753,February 2022
GeForce RTX 3080 12GB,"$1,547",82,February 2022
GeForce RTX 3080,"$1,440",1222,February 2022
GeForce RTX 3070 Ti,"$1,001",929,February 2022
GeForce RTX 3070,$988,1512,February 2022
GeForce RTX 3060 Ti,$847,2084,February 2022
GeForce RTX 3060 12GB,$636,1485,February 2022
GeForce RTX 3050,$455,330,February 2022
Radeon RX 6900 XT,"$1,421",139,February 2022
Radeon RX 6800 XT,"$1,176",192,February 2022
Radeon RX 6800,"$1,033",112,February 2022
Radeon RX 6700 XT,$783,398,February 2022
Radeon RX 6600 XT,$568,320,February 2022
Radeon RX 6600,$463,239,February 2022
Radeon RX 6500 XT,$272,124,February 2022
GeForce RTX 2080 Ti,$976,307,February 2022
GeForce RTX 2080 Super,$741,188,February 2022
GeForce RTX 2080,$665,132,February 2022
GeForce RTX 2070 Super,$627,281,February 2022
GeForce RTX 2070,$579,191,February 2022
GeForce RTX 2060 Super,$579,218,February 2022
GeForce RTX 2060,$446,218,February 2022
GeForce GTX 1660 Ti,$403,221,February 2022
GeForce GTX 1660 Super,$422,799,February 2022
GeForce GTX 1660,$363,244,February 2022
GeForce GTX 1650 Super,$265,162,February 2022
GeForce GTX 1650,$253,377,February 2022
Radeon RX 5700 XT,$713,796,February 2022
Radeon RX 5700,$694,125,February 2022
Radeon RX 5600 XT,$473,183,February 2022
Radeon RX 5500 XT 8GB,$355,63,February 2022
Radeon RX 5500 XT 4GB,$277,15,February 2022
GeForce RTX 4090,"$1,866",354,February 2023
GeForce RTX 4080,"$1,155",165,February 2023
GeForce RTX 4070 Ti,$902,79,February 2023
GeForce RTX 3090 Ti,"$1,068",144,February 2023
GeForce RTX 3090,$790,1177,February 2023
GeForce RTX 3080 Ti,$728,756,February 2023
GeForce RTX 3080 12GB,$691,121,February 2023
GeForce RTX 3080,$555,1452,February 2023
GeForce RTX 3070 Ti,$478,666,February 2023
GeForce RTX 3070,$383,1959,February 2023
GeForce RTX 3060 Ti,$330,1648,February 2023
GeForce RTX 3060,$290,934,February 2023
GeForce RTX 3050,$237,117,February 2023
Radeon RX 7900 XTX,"$1,131",44,February 2023
Radeon RX 7900 XT,$784,22,February 2023
Radeon RX 6950 XT,$690,57,February 2023
Radeon RX 6900 XT,$578,192,February 2023
Radeon RX 6800 XT,$490,303,February 2023
Radeon RX 6800,$410,176,February 2023
Radeon RX 6750 XT,$386,13,February 2023
Radeon RX 6700 XT,$309,554,February 2023
Radeon RX 6700 10GB,$316,4,February 2023
Radeon RX 6650 XT,$263,28,February 2023
Radeon RX 6600 XT,$210,592,February 2023
Radeon RX 6600,$185,284,February 2023
Radeon RX 6500 XT,$131,48,February 2023
Radeon RX 6400,$136,54,February 2023
Intel Arc A770 16GB,$334,9,February 2023
Intel Arc A770 8GB,—,0,February 2023
Intel Arc A750,$239,11,February 2023
Intel Arc A380,$120,7,February 2023
GeForce RTX 2080 Ti,$390,380,February 2023
GeForce RTX 2080 Super,$291,160,February 2023
GeForce RTX 2080,$253,165,February 2023
GeForce RTX 2070 Super,$246,328,February 2023
GeForce RTX 2070,$218,178,February 2023
GeForce RTX 2060 Super,$203,193,February 2023
GeForce RTX 2060,$178,344,February 2023
GeForce GTX 1660 Ti,$141,289,February 2023
GeForce GTX 1660 Super,$132,890,February 2023
GeForce GTX 1660,$108,141,February 2023
GeForce GTX 1650 Super,$113,83,February 2023
GeForce GTX 1650,$118,307,February 2023
Radeon RX 5700 XT,$164,795,February 2023
Radeon RX 5700,$148,139,February 2023
Radeon RX 5600 XT,$128,151,February 2023
Radeon RX 5500 XT 8GB,$100,100,February 2023
Radeon RX 5500 XT 4GB,$82,29,February 2023
GeForce RTX 3090,"$2,609",1353,January 2022
GeForce RTX 3080 Ti,"$1,874",871,January 2022
GeForce RTX 3080,"$1,613",1569,January 2022
GeForce RTX 3070 Ti,"$1,179",1010,January 2022
GeForce RTX 3070,"$1,086",1786,January 2022
GeForce RTX 3060 Ti,$923,2380,January 2022
GeForce RTX 3060 12GB,$711,1834,January 2022
GeForce RTX 3050,$539,17,January 2022
Radeon RX 6900 XT,"$1,528",209,January 2022
Radeon RX 6800 XT,"$1,269",250,January 2022
Radeon RX 6800,"$1,150",105,January 2022
Radeon RX 6700 XT,$847,540,January 2022
Radeon RX 6600 XT,$610,537,January 2022
Radeon RX 6600,$516,449,January 2022
Radeon RX 6500 XT,$365,14,January 2022
GeForce RTX 2080 Ti,"$1,127",350,January 2022
GeForce RTX 2080 Super,$824,216,January 2022
GeForce RTX 2080,$751,158,January 2022
GeForce RTX 2070 Super,$704,401,January 2022
GeForce RTX 2070,$643,222,January 2022
GeForce RTX 2060 Super,$640,225,January 2022
GeForce RTX 2060,$518,467,January 2022
GeForce GTX 1660 Ti,$459,300,January 2022
GeForce GTX 1660 Super,$498,725,January 2022
GeForce GTX 1660,$401,262,January 2022
GeForce GTX 1650 Super,$311,214,January 2022
GeForce GTX 1650,$281,563,January 2022
Radeon RX 5700 XT,$810,954,January 2022
Radeon RX 5700,$794,182,January 2022
Radeon RX 5600 XT,$543,192,January 2022
Radeon RX 5500 XT 8GB,$365,84,January 2022
Radeon RX 5500 XT 4GB,$283,26,January 2022
GeForce RTX 4090,"$2,062",563,January 2023
GeForce RTX 4080,"$1,253",128,January 2023
GeForce RTX 4070 Ti,$910,39,January 2023
GeForce RTX 3090 Ti,"$1,097",185,January 2023
GeForce RTX 3090,$817,1188,January 2023
GeForce RTX 3080 Ti,$768,681,January 2023
GeForce RTX 3080 12GB,$748,112,January 2023
GeForce RTX 3080,$588,1522,January 2023
GeForce RTX 3070 Ti,$483,723,January 2023
GeForce RTX 3070,$397,1978,January 2023
GeForce RTX 3060 Ti,$331,1840,January 2023
GeForce RTX 3060,$287,977,January 2023
GeForce RTX 3050,$237,88,January 2023
Radeon RX 7900 XTX,"$1,240",109,January 2023
Radeon RX 7900 XT,$846,13,January 2023
Radeon RX 6950 XT,$733,36,January 2023
Radeon RX 6900 XT,$639,160,January 2023
Radeon RX 6800 XT,$507,370,January 2023
Radeon RX 6800,$431,140,January 2023
Radeon RX 6750 XT,$396,13,January 2023
Radeon RX 6700 XT,$320,655,January 2023
Radeon RX 6700 10GB,$285,2,January 2023
Radeon RX 6650 XT,$258,16,January 2023
Radeon RX 6600 XT,$215,543,January 2023
Radeon RX 6600,$187,311,January 2023
Radeon RX 6500 XT,$126,41,January 2023
Radeon RX 6400,$144,42,January 2023
Intel Arc A770 16GB,$323,11,January 2023
Intel Arc A770 8GB,—,0,January 2023
Intel Arc A750,$253,4,January 2023
Intel Arc A380,$100,1,January 2023
GeForce RTX 2080 Ti,$390,395,January 2023
GeForce RTX 2080 Super,$301,235,January 2023
GeForce RTX 2080,$261,161,January 2023
GeForce RTX 2070 Super,$249,344,January 2023
GeForce RTX 2070,$215,203,January 2023
GeForce RTX 2060 Super,$213,191,January 2023
GeForce RTX 2060,$183,417,January 2023
GeForce GTX 1660 Ti,$140,225,January 2023
GeForce GTX 1660 Super,$132,845,January 2023
GeForce GTX 1660,$116,178,January 2023
GeForce GTX 1650 Super,$110,131,January 2023
GeForce GTX 1650,$122,326,January 2023
Radeon RX 5700 XT,$165,948,January 2023
Radeon RX 5700,$169,158,January 2023
Radeon RX 5600 XT,$129,181,January 2023
Radeon RX 5500 XT 8GB,$105,114,January 2023
Radeon RX 5500 XT 4GB,$90,22,January 2023
GeForce RTX 3090 Ti,"$1,452",80,July 2022
GeForce RTX 3090,"$1,057",828,July 2022
GeForce RTX 3080 Ti,$901,432,July 2022
GeForce RTX 3080 12GB,$773,101,July 2022
GeForce RTX 3080,$696,1186,July 2022
GeForce RTX 3070 Ti,$593,549,July 2022
GeForce RTX 3070,$488,1459,July 2022
GeForce RTX 3060 Ti,$437,1428,July 2022
GeForce RTX 3060,$355,478,July 2022
GeForce RTX 3050,$288,116,July 2022
Radeon RX 6950 XT,$843,9,July 2022
Radeon RX 6900 XT,$697,160,July 2022
Radeon RX 6800 XT,$615,188,July 2022
Radeon RX 6800,$513,149,July 2022
Radeon RX 6750 XT,$505,3,July 2022
Radeon RX 6700 XT,$393,518,July 2022
Radeon RX 6650 XT,$359,33,July 2022
Radeon RX 6600 XT,$285,423,July 2022
Radeon RX 6600,$235,275,July 2022
Radeon RX 6500 XT,$162,44,July 2022
Radeon RX 6400,$157,7,July 2022
GeForce RTX 2080 Ti,$517,328,July 2022
GeForce RTX 2080 Super,$403,188,July 2022
GeForce RTX 2080,$347,203,July 2022
GeForce RTX 2070 Super,$322,402,July 2022
GeForce RTX 2070,$286,227,July 2022
GeForce RTX 2060 Super,$276,173,July 2022
GeForce RTX 2060,$227,522,July 2022
GeForce GTX 1660 Ti,$183,225,July 2022
GeForce GTX 1660 Super,$186,608,July 2022
GeForce GTX 1660,$173,133,July 2022
GeForce GTX 1650 Super,$151,111,July 2022
GeForce GTX 1650,$149,237,July 2022
Radeon RX 5700 XT,$276,856,July 2022
Radeon RX 5700,$257,164,July 2022
Radeon RX 5600 XT,$194,260,July 2022
Radeon RX 5500 XT 8GB,$160,31,July 2022
Radeon RX 5500 XT 4GB,$149,29,July 2022
GeForce RTX 4090,"$1,552",262,July 2023
GeForce RTX 4080,"$1,050",145,July 2023
GeForce RTX 4070 Ti,$741,127,July 2023
GeForce RTX 4070,$582,72,July 2023
GeForce RTX 4060 Ti,$391,12,July 2023
GeForce RTX 4060,$336,9,July 2023
GeForce RTX 3090 Ti,$918,122,July 2023
GeForce RTX 3090,$751,714,July 2023
GeForce RTX 3080 Ti,$640,390,July 2023
GeForce RTX 3080 12GB,$536,61,July 2023
GeForce RTX 3080,$426,1081,July 2023
GeForce RTX 3070 Ti,$362,376,July 2023
GeForce RTX 3070,$282,1470,July 2023
GeForce RTX 3060 Ti,$247,1072,July 2023
GeForce RTX 3060,$231,702,July 2023
GeForce RTX 3050,$177,92,July 2023
Radeon RX 7900 XTX,$869,44,July 2023
Radeon RX 7900 XT,$691,42,July 2023
Radeon RX 7600,$255,2,July 2023
Radeon RX 6950 XT,$565,50,July 2023
Radeon RX 6900 XT,$495,100,July 2023
Radeon RX 6800 XT,$425,220,July 2023
Radeon RX 6800,$363,121,July 2023
Radeon RX 6750 XT,$319,26,July 2023
Radeon RX 6700 XT,$271,506,July 2023
Radeon RX 6700 10GB,$219,20,July 2023
Radeon RX 6650 XT,$203,37,July 2023
Radeon RX 6600 XT,$173,409,July 2023
Radeon RX 6600,$148,246,July 2023
Radeon RX 6500 XT,$86,57,July 2023
Radeon RX 6400,$108,34,July 2023
Intel Arc A770 16GB,$340,30,July 2023
Intel Arc A770 8GB,$234,3,July 2023
Intel Arc A750,$207,12,July 2023
Intel Arc A380,$145,2,July 2023
GeForce RTX 2080 Ti,$343,175,July 2023
GeForce RTX 2080 Super,$238,163,July 2023
GeForce RTX 2080,$197,92,July 2023
GeForce RTX 2070 Super,$192,203,July 2023
GeForce RTX 2070,$168,124,July 2023
GeForce RTX 2060 Super,$166,154,July 2023
GeForce RTX 2060,$135,297,July 2023
GeForce GTX 1660 Ti,$105,213,July 2023
GeForce GTX 1660 Super,$103,616,July 2023
GeForce GTX 1660,$89,98,July 2023
GeForce GTX 1650 Super,$95,86,July 2023
GeForce GTX 1650 GDDR6,$96,108,July 2023
GeForce GTX 1650,$95,67,July 2023
GeForce GTX 1630,$43,2,July 2023
Radeon RX 5700 XT,$137,601,July 2023
Radeon RX 5700,$120,91,July 2023
Radeon RX 5600 XT,$107,81,July 2023
Radeon RX 5500 XT 8GB,$88,54,July 2023
Radeon RX 5500 XT 4GB,$68,18,July 2023
GeForce RTX 3090 Ti,"$1,538",107,June 2022
GeForce RTX 3090,"$1,098",885,June 2022
GeForce RTX 3080 Ti,$956,499,June 2022
GeForce RTX 3080 12GB,$835,40,June 2022
GeForce RTX 3080,$728,1134,June 2022
GeForce RTX 3070 Ti,$620,634,June 2022
GeForce RTX 3070,$518,1472,June 2022
GeForce RTX 3060 Ti,$461,1324,June 2022
GeForce RTX 3060,$379,646,June 2022
GeForce RTX 3050,$304,124,June 2022
Radeon RX 6950 XT,"$1,069",10,June 2022
Radeon RX 6900 XT,$767,176,June 2022
Radeon RX 6800 XT,$625,228,June 2022
Radeon RX 6800,$551,148,June 2022
Radeon RX 6750 XT,$513,5,June 2022
Radeon RX 6700 XT,$407,421,June 2022
Radeon RX 6650 XT,$368,43,June 2022
Radeon RX 6600 XT,$299,417,June 2022
Radeon RX 6600,$258,221,June 2022
Radeon RX 6500 XT,$171,52,June 2022
Radeon RX 6400,$153,3,June 2022
GeForce RTX 2080 Ti,$564,292,June 2022
GeForce RTX 2080 Super,$407,174,June 2022
GeForce RTX 2080,$348,157,June 2022
GeForce RTX 2070 Super,$342,305,June 2022
GeForce RTX 2070,$310,157,June 2022
GeForce RTX 2060 Super,$298,153,June 2022
GeForce RTX 2060,$241,328,June 2022
GeForce GTX 1660 Ti,$200,193,June 2022
GeForce GTX 1660 Super,$201,506,June 2022
GeForce GTX 1660,$174,76,June 2022
GeForce GTX 1650 Super,$171,82,June 2022
GeForce GTX 1650,$155,316,June 2022
Radeon RX 5700 XT,$314,725,June 2022
Radeon RX 5700,$286,133,June 2022
Radeon RX 5600 XT,$215,74,June 2022
Radeon RX 5500 XT 8GB,$174,31,June 2022
Radeon RX 5500 XT 4GB,$156,22,June 2022
GeForce RTX 4090,"$1,490",346,June 2023
GeForce RTX 4080,"$1,040",168,June 2023
GeForce RTX 4070 Ti,$738,205,June 2023
GeForce RTX 4070,$591,120,June 2023
GeForce RTX 4060 Ti,$466,10,June 2023
GeForce RTX 4060,—,0,June 2023
GeForce RTX 3090 Ti,$952,121,June 2023
GeForce RTX 3090,$738,870,June 2023
GeForce RTX 3080 Ti,$617,505,June 2023
GeForce RTX 3080 12GB,$540,68,June 2023
GeForce RTX 3080,$432,1127,June 2023
GeForce RTX 3070 Ti,$374,566,June 2023
GeForce RTX 3070,$286,1659,June 2023
GeForce RTX 3060 Ti,$257,1067,June 2023
GeForce RTX 3060,$238,802,June 2023
GeForce RTX 3050,$190,98,June 2023
Radeon RX 7900 XTX,$875,40,June 2023
Radeon RX 7900 XT,$718,52,June 2023
Radeon RX 7600,$294,4,June 2023
Radeon RX 6950 XT,$588,77,June 2023
Radeon RX 6900 XT,$532,140,June 2023
Radeon RX 6800 XT,$433,252,June 2023
Radeon RX 6800,$360,172,June 2023
Radeon RX 6750 XT,$324,29,June 2023
Radeon RX 6700 XT,$270,517,June 2023
Radeon RX 6700 10GB,$214,3,June 2023
Radeon RX 6650 XT,$204,39,June 2023
Radeon RX 6600 XT,$177,306,June 2023
Radeon RX 6600,$150,286,June 2023
Radeon RX 6500 XT,$97,31,June 2023
Radeon RX 6400,$108,50,June 2023
Intel Arc A770 16GB,$329,21,June 2023
Intel Arc A770 8GB,$250,1,June 2023
Intel Arc A750,$202,18,June 2023
Intel Arc A380,$97,3,June 2023
GeForce RTX 2080 Ti,$370,222,June 2023
GeForce RTX 2080 Super,$233,183,June 2023
GeForce RTX 2080,$210,123,June 2023
GeForce RTX 2070 Super,$204,235,June 2023
GeForce RTX 2070,$173,135,June 2023
GeForce RTX 2060 Super,$177,108,June 2023
GeForce RTX 2060,$148,474,June 2023
GeForce GTX 1660 Ti,$115,163,June 2023
GeForce GTX 1660 Super,$107,688,June 2023
GeForce GTX 1660,$87,88,June 2023
GeForce GTX 1650 Super,$102,58,June 2023
GeForce GTX 1650,$99,204,June 2023
Radeon RX 5700 XT,$132,743,June 2023
Radeon RX 5700,$120,92,June 2023
Radeon RX 5600 XT,$102,89,June 2023
Radeon RX 5500 XT 8GB,$99,32,June 2023
Radeon RX 5500 XT 4GB,$60,11,June 2023
GeForce RTX 3090 Ti,"$2,724",11,March 2022
GeForce RTX 3090,"$2,111",983,March 2022
GeForce RTX 3080 Ti,"$1,531",687,March 2022
GeForce RTX 3080 12GB,"$1,378",69,March 2022
GeForce RTX 3080,"$1,283",1355,March 2022
GeForce RTX 3070 Ti,$880,1097,March 2022
GeForce RTX 3070,$858,1567,March 2022
GeForce RTX 3060 Ti,$754,1935,March 2022
GeForce RTX 3060 12GB,$580,1135,March 2022
GeForce RTX 3050,$416,221,March 2022
Radeon RX 6900 XT,"$1,256",173,March 2022
Radeon RX 6800 XT,$996,254,March 2022
Radeon RX 6800,$888,98,March 2022
Radeon RX 6700 XT,$643,570,March 2022
Radeon RX 6600 XT,$495,485,March 2022
Radeon RX 6600,$403,274,March 2022
Radeon RX 6500 XT,$237,69,March 2022
GeForce RTX 2080 Ti,$889,348,March 2022
GeForce RTX 2080 Super,$690,177,March 2022
GeForce RTX 2080,$625,173,March 2022
GeForce RTX 2070 Super,$563,359,March 2022
GeForce RTX 2070,$511,208,March 2022
GeForce RTX 2060 Super,$512,269,March 2022
GeForce RTX 2060,$380,429,March 2022
GeForce GTX 1660 Ti,$353,264,March 2022
GeForce GTX 1660 Super,$360,977,March 2022
GeForce GTX 1660,$303,191,March 2022
GeForce GTX 1650 Super,$240,203,March 2022
GeForce GTX 1650,$223,450,March 2022
Radeon RX 5700 XT,$602,964,March 2022
Radeon RX 5700,$564,146,March 2022
Radeon RX 5600 XT,$414,227,March 2022
Radeon RX 5500 XT 8GB,$292,77,March 2022
Radeon RX 5500 XT 4GB,$225,15,March 2022
GeForce RTX 4090,"$1,795",339,March 2023
GeForce RTX 4080,"$1,081",189,March 2023
GeForce RTX 4070 Ti,$851,110,March 2023
GeForce RTX 3090 Ti,"$1,051",167,March 2023
GeForce RTX 3090,$789,1123,March 2023
GeForce RTX 3080 Ti,$680,725,March 2023
GeForce RTX 3080 12GB,$661,83,March 2023
GeForce RTX 3080,$537,1354,March 2023
GeForce RTX 3070 Ti,$446,710,March 2023
GeForce RTX 3070,$360,2186,March 2023
GeForce RTX 3060 Ti,$323,1706,March 2023
GeForce RTX 3060,$292,779,March 2023
GeForce RTX 3050,$241,159,March 2023
Radeon RX 7900 XTX,"$1,045",39,March 2023
Radeon RX 7900 XT,$759,26,March 2023
Radeon RX 6950 XT,$654,59,March 2023
Radeon RX 6900 XT,$543,238,March 2023
Radeon RX 6800 XT,$469,300,March 2023
Radeon RX 6800,$390,183,March 2023
Radeon RX 6750 XT,$361,26,March 2023
Radeon RX 6700 XT,$300,622,March 2023
Radeon RX 6700 10GB,$308,4,March 2023
Radeon RX 6650 XT,$243,28,March 2023
Radeon RX 6600 XT,$212,430,March 2023
Radeon RX 6600,$179,365,March 2023
Radeon RX 6500 XT,$126,57,March 2023
Radeon RX 6400,$131,27,March 2023
Intel Arc A770 16GB,$326,11,March 2023
Intel Arc A770 8GB,$248,2,March 2023
Intel Arc A750,$211,20,March 2023
Intel Arc A380,$119,11,March 2023
GeForce RTX 2080 Ti,$385,319,March 2023
GeForce RTX 2080 Super,$288,207,March 2023
GeForce RTX 2080,$254,159,March 2023
GeForce RTX 2070 Super,$237,293,March 2023
GeForce RTX 2070,$211,180,March 2023
GeForce RTX 2060 Super,$205,168,March 2023
GeForce RTX 2060,$174,339,March 2023
GeForce GTX 1660 Ti,$134,357,March 2023
GeForce GTX 1660 Super,$130,743,March 2023
GeForce GTX 1660,$112,126,March 2023
GeForce GTX 1650 Super,$111,99,March 2023
GeForce GTX 1650,$118,270,March 2023
Radeon RX 5700 XT,$162,749,March 2023
Radeon RX 5700,$150,104,March 2023
Radeon RX 5600 XT,$125,202,March 2023
Radeon RX 5500 XT 8GB,$97,82,March 2023
Radeon RX 5500 XT 4GB,$90,22,March 2023
GeForce RTX 3090 Ti,"$1,829",44,May 2022
GeForce RTX 3090,"$1,438",754,May 2022
GeForce RTX 3080 Ti,"$1,134",617,May 2022
GeForce RTX 3080 12GB,$959,69,May 2022
GeForce RTX 3080,$899,1197,May 2022
GeForce RTX 3070 Ti,$710,850,May 2022
GeForce RTX 3070,$641,1364,May 2022
GeForce RTX 3060 Ti,$579,1558,May 2022
GeForce RTX 3060,$424,804,May 2022
GeForce RTX 3050,$315,139,May 2022
Radeon RX 6950 XT,"$1,600",2,May 2022
Radeon RX 6900 XT,$875,172,May 2022
Radeon RX 6800 XT,$767,265,May 2022
Radeon RX 6800,$655,154,May 2022
Radeon RX 6750 XT,$511,4,May 2022
Radeon RX 6700 XT,$477,389,May 2022
Radeon RX 6650 XT,$400,0,May 2022
Radeon RX 6600 XT,$350,375,May 2022
Radeon RX 6600,$290,174,May 2022
Radeon RX 6500 XT,$192,49,May 2022
Radeon RX 6400,$151,4,May 2022
GeForce RTX 2080 Ti,$686,349,May 2022
GeForce RTX 2080 Super,$498,178,May 2022
GeForce RTX 2080,$430,170,May 2022
GeForce RTX 2070 Super,$409,336,May 2022
GeForce RTX 2070,$365,216,May 2022
GeForce RTX 2060 Super,$370,163,May 2022
GeForce RTX 2060,$282,441,May 2022
GeForce GTX 1660 Ti,$252,206,May 2022
GeForce GTX 1660 Super,$249,530,May 2022
GeForce GTX 1660,$214,113,May 2022
GeForce GTX 1650 Super,$183,135,May 2022
GeForce GTX 1650,$175,349,May 2022
Radeon RX 5700 XT,$449,883,May 2022
Radeon RX 5700,$381,113,May 2022
Radeon RX 5600 XT,$294,189,May 2022
Radeon RX 5500 XT 8GB,$216,59,May 2022
Radeon RX 5500 XT 4GB,$160,29,May 2022
GeForce RTX 4090,"$1,581",277,May 2023
GeForce RTX 4080,"$1,054",133,May 2023
GeForce RTX 4070 Ti,$785,104,May 2023
GeForce RTX 4070,$611,106,May 2023
GeForce RTX 4060 Ti,$410,1,May 2023
GeForce RTX 3090 Ti,$951,122,May 2023
GeForce RTX 3090,$771,914,May 2023
GeForce RTX 3080 Ti,$631,500,May 2023
GeForce RTX 3080 12GB,$526,56,May 2023
GeForce RTX 3080,$458,1028,May 2023
GeForce RTX 3070 Ti,$394,414,May 2023
GeForce RTX 3070,$318,1540,May 2023
GeForce RTX 3060 Ti,$293,1013,May 2023
GeForce RTX 3060,$268,599,May 2023
GeForce RTX 3050,$206,122,May 2023
Radeon RX 7900 XTX,$890,50,May 2023
Radeon RX 7900 XT,$718,37,May 2023
Radeon RX 7600,—,0,May 2023
Radeon RX 6950 XT,$588,67,May 2023
Radeon RX 6900 XT,$512,124,May 2023
Radeon RX 6800 XT,$439,206,May 2023
Radeon RX 6800,$377,151,May 2023
Radeon RX 6750 XT,$352,25,May 2023
Radeon RX 6700 XT,$278,596,May 2023
Radeon RX 6700 10GB,$231,8,May 2023
Radeon RX 6650 XT,$226,39,May 2023
Radeon RX 6600 XT,$192,308,May 2023
Radeon RX 6600,$157,323,May 2023
Radeon RX 6500 XT,$110,34,May 2023
Radeon RX 6400,$111,48,May 2023
Intel Arc A770 16GB,$315,36,May 2023
Intel Arc A770 8GB,-,0,May 2023
Intel Arc A750,$218,16,May 2023
Intel Arc A380,$122,3,May 2023
GeForce RTX 2080 Ti,$377,194,May 2023
GeForce RTX 2080 Super,$250,198,May 2023
GeForce RTX 2080,$218,207,May 2023
GeForce RTX 2070 Super,$210,276,May 2023
GeForce RTX 2070,$180,121,May 2023
GeForce RTX 2060 Super,$190,111,May 2023
GeForce RTX 2060,$154,349,May 2023
GeForce GTX 1660 Ti,$129,183,May 2023
GeForce GTX 1660 Super,$114,590,May 2023
GeForce GTX 1660,$96,101,May 2023
GeForce GTX 1650 Super,$101,90,May 2023
GeForce GTX 1650,$109,214,May 2023
Radeon RX 5700 XT,$151,547,May 2023
Radeon RX 5700,$129,69,May 2023
Radeon RX 5600 XT,$118,107,May 2023
Radeon RX 5500 XT 8GB,$96,37,May 2023
Radeon RX 5500 XT 4GB,$101,27,May 2023
GeForce RTX 3090,"$2,936",1305,November 2021
GeForce RTX 3080 Ti,"$1,895",1483,November 2021
GeForce RTX 3080,"$1,720",1448,November 2021
GeForce RTX 3070 Ti,"$1,201",1258,November 2021
GeForce RTX 3070,"$1,193",2380,November 2021
GeForce RTX 3060 Ti,"$1,002",2166,November 2021
GeForce RTX 3060 12GB,$749,2159,November 2021
Radeon RX 6900 XT,"$1,599",206,November 2021
Radeon RX 6800 XT,"$1,384",283,November 2021
Radeon RX 6800,"$1,332",123,November 2021
Radeon RX 6700 XT,$945,661,November 2021
Radeon RX 6600 XT,$665,857,November 2021
Radeon RX 6600,$588,377,November 2021
GeForce RTX 2080 Ti,"$1,137",338,November 2021
GeForce RTX 2080 Super,$860,189,November 2021
GeForce RTX 2080,$775,174,November 2021
GeForce RTX 2070 Super,$701,222,November 2021
GeForce RTX 2070,$763,351,November 2021
GeForce RTX 2060 Super,$701,212,November 2021
GeForce RTX 2060,$571,503,November 2021
GeForce GTX 1660 Ti,$532,266,November 2021
GeForce GTX 1660 Super,$558,755,November 2021
GeForce GTX 1660,$457,317,November 2021
GeForce GTX 1650 Super,$333,340,November 2021
GeForce GTX 1650,$308,544,November 2021
Radeon RX 5700 XT,$963,962,November 2021
Radeon RX 5700,$872,123,November 2021
Radeon RX 5600 XT,$568,111,November 2021
Radeon RX 5500 XT 8GB,$466,64,November 2021
Radeon RX 5500 XT 4GB,$349,43,November 2021
GeForce RTX 4090,"$2,216",820,November 2022
GeForce RTX 4080,"$1,503",$175,November 2022
GeForce RTX 3090 Ti,"$1,218",227,November 2022
GeForce RTX 3090,$871,1672,November 2022
GeForce RTX 3080 Ti,$811,917,November 2022
GeForce RTX 3080 12GB,$758,165,November 2022
GeForce RTX 3080,$594,2137,November 2022
GeForce RTX 3070 Ti,$479,997,November 2022
GeForce RTX 3070,$390,2317,November 2022
GeForce RTX 3060 Ti,$325,2128,November 2022
GeForce RTX 3060,$290,984,November 2022
GeForce RTX 3050,$234,109,November 2022
Radeon RX 6950 XT,$830,19,November 2022
Radeon RX 6900 XT,$655,226,November 2022
Radeon RX 6800 XT,$512,336,November 2022
Radeon RX 6800,$416,227,November 2022
Radeon RX 6750 XT,$354,6,November 2022
Radeon RX 6700 XT,$310,791,November 2022
Radeon RX 6700 10GB,$330,0,November 2022
Radeon RX 6650 XT,$292,38,November 2022
Radeon RX 6600 XT,$217,598,November 2022
Radeon RX 6600,$179,400,November 2022
Radeon RX 6500 XT,$135,45,November 2022
Radeon RX 6400,$130,20,November 2022
Intel Arc A770 16GB,$437,30,November 2022
Intel Arc A770 8GB,—,0,November 2022
Intel Arc A750,$265,11,November 2022
Intel Arc A380,$131,4,November 2022
GeForce RTX 2080 Ti,$397,443,November 2022
GeForce RTX 2080 Super,$292,170,November 2022
GeForce RTX 2080,$266,182,November 2022
GeForce RTX 2070 Super,$250,351,November 2022
GeForce RTX 2070,$212,265,November 2022
GeForce RTX 2060 Super,$212,236,November 2022
GeForce RTX 2060,$181,389,November 2022
GeForce GTX 1660 Ti,$137,316,November 2022
GeForce GTX 1660 Super,$131,819,November 2022
GeForce GTX 1660,$117,135,November 2022
GeForce GTX 1650 Super,$115,108,November 2022
GeForce GTX 1650,$123,277,November 2022
Radeon RX 5700 XT,$167,793,November 2022
Radeon RX 5700,$151,87,November 2022
Radeon RX 5600 XT,$131,189,November 2022
Radeon RX 5500 XT 8GB,$123,40,November 2022
Radeon RX 5500 XT 4GB,$110,19,November 2022
GeForce RTX 4090,"$1,704",304,November 2023
GeForce RTX 4080,$989,182,November 2023
GeForce RTX 4070 Ti,$675,158,November 2023
GeForce RTX 4070,$536,129,November 2023
GeForce RTX 4060 Ti 16GB,$510,12,November 2023
GeForce RTX 4060 Ti,$350,59,November 2023
GeForce RTX 4060,$283,33,November 2023
GeForce RTX 3090 Ti,$853,106,November 2023
GeForce RTX 3090,$704,765,November 2023
GeForce RTX 3080 Ti,$581,373,November 2023
GeForce RTX 3080 12GB,$463,47,November 2023
GeForce RTX 3080,$401,849,November 2023
GeForce RTX 3070 Ti,$342,339,November 2023
GeForce RTX 3070,$279,956,November 2023
GeForce RTX 3060 Ti,$236,871,November 2023
GeForce RTX 3060,$218,560,November 2023
GeForce RTX 3050,$169,141,November 2023
Radeon RX 7900 XTX,$824,62,November 2023
Radeon RX 7900 XT,$670,49,November 2023
Radeon RX 7800 XT,$516,11,November 2023
Radeon RX 7700 XT,$375,1,November 2023
Radeon RX 7600,$227,10,November 2023
Radeon RX 6950 XT,$478,58,November 2023
Radeon RX 6900 XT,$449,94,November 2023
Radeon RX 6800 XT,$391,168,November 2023
Radeon RX 6800,$328,99,November 2023
Radeon RX 6750 XT,$288,32,November 2023
Radeon RX 6700 XT,$248,629,November 2023
Radeon RX 6700 10GB,$218,31,November 2023
Radeon RX 6650 XT,$193,45,November 2023
Radeon RX 6600 XT,$164,422,November 2023
Radeon RX 6600,$136,325,November 2023
Radeon RX 6500 XT,$86,43,November 2023
Radeon RX 6400,$120,61,November 2023
Intel Arc A770 16GB,$311,20,November 2023
Intel Arc A770 8GB,$180,2,November 2023
Intel Arc A750,$165,38,November 2023
Intel Arc A580,—,0,November 2023
Intel Arc A380,$93,8,November 2023
GeForce RTX 2080 Ti,$309,196,November 2023
GeForce RTX 2080 Super,$232,117,November 2023
GeForce RTX 2080,$201,104,November 2023
GeForce RTX 2070 Super,$183,184,November 2023
GeForce RTX 2070,$159,173,November 2023
GeForce RTX 2060 Super,$161,95,November 2023
GeForce RTX 2060,$130,239,November 2023
GeForce GTX 1660 Ti,$104,132,November 2023
GeForce GTX 1660 Super,$97,511,November 2023
GeForce GTX 1660,$81,88,November 2023
GeForce GTX 1650 Super,$89,67,November 2023
GeForce GTX 1650 GDDR6,$97,126,November 2023
GeForce GTX 1650,$85,50,November 2023
GeForce GTX 1630,$160,1,November 2023
Radeon RX 5700 XT,$116,639,November 2023
Radeon RX 5700,$111,67,November 2023
Radeon RX 5600 XT,$96,74,November 2023
Radeon RX 5500 XT 8GB,$87,27,November 2023
Radeon RX 5500 XT 4GB,$72,18,November 2023
GeForce RTX 3090,"$2,737",1463,October 2021
GeForce RTX 3080 Ti,"$1,829",1439,October 2021
GeForce RTX 3080,"$1,666",1872,October 2021
GeForce RTX 3070 Ti,"$1,124",1508,October 2021
GeForce RTX 3070,"$1,144",2411,October 2021
GeForce RTX 3060 Ti,$907,3782,October 2021
GeForce RTX 3060 12GB,$698,2446,October 2021
Radeon RX 6900 XT,"$1,512",302,October 2021
Radeon RX 6800 XT,"$1,314",285,October 2021
Radeon RX 6800,"$1,260",191,October 2021
Radeon RX 6700 XT,$859,906,October 2021
Radeon RX 6600 XT,$631,1026,October 2021
Radeon RX 6600,$559,106,October 2021
GeForce RTX 2080 Ti,"$1,097",338,October 2021
GeForce RTX 2080 Super,$811,212,October 2021
GeForce RTX 2080,$743,187,October 2021
GeForce RTX 2070 Super,$666,254,October 2021
GeForce RTX 2070,$727,364,October 2021
GeForce RTX 2060 Super,$667,260,October 2021
GeForce RTX 2060,$534,446,October 2021
GeForce GTX 1660 Ti,$498,316,October 2021
GeForce GTX 1660 Super,$519,768,October 2021
GeForce GTX 1660,$430,315,October 2021
GeForce GTX 1650 Super,$313,239,October 2021
GeForce GTX 1650,$308,559,October 2021
Radeon RX 5700 XT,$911,1207,October 2021
Radeon RX 5700,$818,131,October 2021
Radeon RX 5600 XT,$614,243,October 2021
Radeon RX 5500 XT 8GB,$415,106,October 2021
Radeon RX 5500 XT 4GB,$326,48,October 2021
GeForce RTX 4090,"$2,333",1139,October 2022
GeForce RTX 3090 Ti,"$1,105",269,October 2022
GeForce RTX 3090,$812,1789,October 2022
GeForce RTX 3080 Ti,$755,888,October 2022
GeForce RTX 3080 12GB,$663,163,October 2022
GeForce RTX 3080,$562,2038,October 2022
GeForce RTX 3070 Ti,$459,821,October 2022
GeForce RTX 3070,$376,2278,October 2022
GeForce RTX 3060 Ti,$320,1989,October 2022
GeForce RTX 3060,$286,1106,October 2022
GeForce RTX 3050,$241,103,October 2022
Radeon RX 6950 XT,$752,23,October 2022
Radeon RX 6900 XT,$623,261,October 2022
Radeon RX 6800 XT,$491,277,October 2022
Radeon RX 6800,$399,198,October 2022
Radeon RX 6750 XT,$430,2,October 2022
Radeon RX 6700 XT,$313,633,October 2022
Radeon RX 6700 10GB,$330,0,October 2022
Radeon RX 6650 XT,$299,17,October 2022
Radeon RX 6600 XT,$221,642,October 2022
Radeon RX 6600,$182,337,October 2022
Radeon RX 6500 XT,$141,52,October 2022
Radeon RX 6400,$138,23,October 2022
GeForce RTX 2080 Ti,$410,353,October 2022
GeForce RTX 2080 Super,$309,193,October 2022
GeForce RTX 2080,$277,210,October 2022
GeForce RTX 2070 Super,$262,331,October 2022
GeForce RTX 2070,$226,190,October 2022
GeForce RTX 2060 Super,$218,229,October 2022
GeForce RTX 2060,$184,329,October 2022
GeForce GTX 1660 Ti,$139,344,October 2022
GeForce GTX 1660 Super,$131,803,October 2022
GeForce GTX 1660,$120,133,October 2022
GeForce GTX 1650 Super,$120,115,October 2022
GeForce GTX 1650,$126,251,October 2022
Radeon RX 5700 XT,$177,741,October 2022
Radeon RX 5700,$157,68,October 2022
Radeon RX 5600 XT,$134,189,October 2022
Radeon RX 5500 XT 8GB,$121,85,October 2022
Radeon RX 5500 XT 4GB,$99,15,October 2022
GeForce RTX 3090 Ti,"$1,117",202,September 2022
GeForce RTX 3090,$834,1121,September 2022
GeForce RTX 3080 Ti,$754,682,September 2022
GeForce RTX 3080 12GB,$684,158,September 2022
GeForce RTX 3080,$585,1520,September 2022
GeForce RTX 3070 Ti,$493,629,September 2022
GeForce RTX 3070,$409,1856,September 2022
GeForce RTX 3060 Ti,$355,1611,September 2022
GeForce RTX 3060,$312,834,September 2022
GeForce RTX 3050,$260,78,September 2022
Radeon RX 6950 XT,$795,9,September 2022
Radeon RX 6900 XT,$645,236,September 2022
Radeon RX 6800 XT,$518,237,September 2022
Radeon RX 6800,$419,149,September 2022
Radeon RX 6750 XT,$430,11,September 2022
Radeon RX 6700 XT,$337,575,September 2022
Radeon RX 6700,,0,September 2022
Radeon RX 6650 XT,$300,19,September 2022
Radeon RX 6600 XT,$238,519,September 2022
Radeon RX 6600,$204,295,September 2022
Radeon RX 6500 XT,$140,56,September 2022
Radeon RX 6400,$137,22,September 2022
GeForce RTX 2080 Ti,$464,336,September 2022
GeForce RTX 2080 Super,$350,182,September 2022
GeForce RTX 2080,$293,190,September 2022
GeForce RTX 2070 Super,$291,357,September 2022
GeForce RTX 2070,$250,169,September 2022
GeForce RTX 2060 Super,$243,221,September 2022
GeForce RTX 2060,$209,442,September 2022
GeForce GTX 1660 Ti,$158,256,September 2022
GeForce GTX 1660 Super,$150,729,September 2022
GeForce GTX 1660,$146,156,September 2022
GeForce GTX 1650 Super,$129,140,September 2022
GeForce GTX 1650,$129,238,September 2022
Radeon RX 5700 XT,$206,766,September 2022
Radeon RX 5700,$194,79,September 2022
Radeon RX 5600 XT,$167,186,September 2022
Radeon RX 5500 XT 8GB,$133,43,September 2022
Radeon RX 5500 XT 4GB,$107,14,September 2022
GeForce RTX 4090,"$1,603",220,September 2023
GeForce RTX 4080,"$1,042",133,September 2023
GeForce RTX 4070 Ti,$781,238,September 2023
GeForce RTX 4070,$553,120,September 2023
GeForce RTX 4060 Ti 16GB,$511,7,September 2023
GeForce RTX 4060 Ti,$374,26,September 2023
GeForce RTX 4060,$313,27,September 2023
GeForce RTX 3090 Ti,$926,76,September 2023
GeForce RTX 3090,$730,577,September 2023
GeForce RTX 3080 Ti,$606,295,September 2023
GeForce RTX 3080 12GB,$502,53,September 2023
GeForce RTX 3080,$414,842,September 2023
GeForce RTX 3070 Ti,$356,370,September 2023
GeForce RTX 3070,$288,926,September 2023
GeForce RTX 3060 Ti,$244,1064,September 2023
GeForce RTX 3060,$220,590,September 2023
GeForce RTX 3050,$183,135,September 2023
Radeon RX 7900 XTX,$824,34,September 2023
Radeon RX 7900 XT,$657,20,September 2023
Radeon RX 7800 XT,$525,7,September 2023
Radeon RX 7700 XT,$480,2,September 2023
Radeon RX 7600,$232,7,September 2023
Radeon RX 6950 XT,$590,40,September 2023
Radeon RX 6900 XT,$526,90,September 2023
Radeon RX 6800 XT,$416,191,September 2023
Radeon RX 6800,$348,139,September 2023
Radeon RX 6750 XT,$309,36,September 2023
Radeon RX 6700 XT,$258,552,September 2023
Radeon RX 6700 10GB,$229,17,September 2023
Radeon RX 6650 XT,$191,29,September 2023
Radeon RX 6600 XT,$168,364,September 2023
Radeon RX 6600,$144,226,September 2023
Radeon RX 6500 XT,$89,37,September 2023
Radeon RX 6400,$121,62,September 2023
Intel Arc A770 16GB,$309,25,September 2023
Intel Arc A770 8GB,$208,3,September 2023
Intel Arc A750,$191,15,September 2023
Intel Arc A380,$115,8,September 2023
GeForce RTX 2080 Ti,$335,225,September 2023
GeForce RTX 2080 Super,$243,91,September 2023
GeForce RTX 2080,$211,109,September 2023
GeForce RTX 2070 Super,$191,152,September 2023
GeForce RTX 2070,$159,157,September 2023
GeForce RTX 2060 Super,$165,119,September 2023
GeForce RTX 2060,$131,243,September 2023
GeForce GTX 1660 Ti,$106,141,September 2023
GeForce GTX 1660 Super,$98,393,September 2023
GeForce GTX 1660,$86,82,September 2023
GeForce GTX 1650 Super,$84,64,September 2023
GeForce GTX 1650 GDDR6,$87,93,September 2023
GeForce GTX 1650,$94,74,September 2023
GeForce GTX 1630,$105,2,September 2023
Radeon RX 5700 XT,$115,796,September 2023
Radeon RX 5700,$115,83,September 2023
Radeon RX 5600 XT,$83,108,September 2023
Radeon RX 5500 XT 8GB,$94,18,September 2023
Radeon RX 5500 XT 4GB,$70,10,September 2023
